Style,Size,Color_Base,Color_Finish,Region,Date,4m_demand,Predicted_4m_Order_Quantity,Unnamed: 0,Collection,BrandLine,StyleCode,GridValue,Color,Demand,Is_Multicolor,OpticalOrSun,BrandName,Brand_Tier,Lookalike_ID,Glasses,Sunglasses,Glasses_3m_avg,Sunglasses_3m_avg,Glasses_pct_change,Sunglasses_pct_change,Trend_acetate_frame_glasses,Trend_Calvin_Klein_frames,Trend_FSA_glasses,Trend_Lacoste_frames,Trend_metal_frame_glasses,Trend_Nike_frames,Shape,FrameType,Material,is_summer,is_holiday_season,is_insurance_reset,LLM_Predicted_Quantity,LLM_Reasoning
L2876/55/BLACK MATTE,55,black,matte,AMER,2024-04-01,4908.0,1129.0,59359,LA,LACOSTE OPTICAL,L2876,5515001,BLACK MATTE,235.0,0.0,Optical,Lacoste,Premium,Lacoste_black_46057,100,31,50.0,20.0,-55.00%,-3.23%,0,63,22,81,35,63,Rectangle,Full Rim,Plastic,0,0,0,1045,"Matte black frames are a classic, stable aesthetic with consistent demand but limited viral potential. The low FSA Glasses Index (22) suggests weak healthcare-driven purchasing momentum, which typically boosts frame demand. Metal Frames Index (35) is moderate, indicating the broader frame market is not experiencing exceptional growth. AMER region in Q2 (April launch) faces post-tax season budget constraints. Matte black, while versatile, lacks novelty to drive trend-based over-indexing. The combination of weak FSA signals, moderate metal frame interest, and the commodity nature of matte black suggests the mathematical model may have slightly over-estimated demand. A conservative 7.4% downward adjustment accounts for subdued macro conditions and the absence of viral/seasonal tailwinds."
L2876/55/BLACK MATTE,55,black,matte,AMER,2024-05-01,4908.0,3291.0,59360,LA,LACOSTE OPTICAL,L2876,5515001,BLACK MATTE,1227.0,0.0,Optical,Lacoste,Premium,Lacoste_black_46057,45,30,67.0,25.0,4.44%,6.67%,18,70,18,48,41,57,Rectangle,Full Rim,Plastic,0,0,0,3124,"Matte black frames are a classic, stable aesthetic with consistent demand but limited viral potential. The low FSA Glasses Index (18) suggests weak healthcare-driven purchasing momentum, which typically boosts eyewear demand. Metal Frames Index (41) is moderate but this frame is matte black (non-metal), indicating it operates in a less-trending category. AMER region launch in May (spring/early summer) is neutral seasonally. The combination of low FSA signals, non-metal construction, and matte finish (less fashion-forward than glossy alternatives) suggests this frame will perform below the mathematical baseline. Applied a -5% downward adjustment to account for weak macro tailwinds and limited viral/trend potential."
L2876/55/BLACK MATTE,55,black,matte,AMER,2024-05-01,4908.0,3291.0,59361,LA,LACOSTE OPTICAL,L2876,5515001,BLACK MATTE,1227.0,0.0,Optical,Lacoste,Premium,Lacoste_black_46057,45,30,67.0,25.0,4.44%,6.67%,18,70,18,48,41,57,Rectangle,Full Rim,Plastic,0,0,0,3090,"Matte black frames are a classic, stable aesthetic with consistent demand but limited viral potential. The low FSA search index (18) suggests weak healthcare-driven purchasing momentum, which typically boosts eyewear orders. The metal frames index (41) indicates moderate category interest, but matte black is positioned in the classic acetate/plastic segment, not premium metal. AMER region in May (post-tax season, pre-summer) shows moderate seasonality. The combination of low FSA signals, non-metal positioning, and stable (non-trending) colorway suggests the mathematical model may have slightly over-predicted based on historical category averages. A modest 6% downward adjustment accounts for the absence of macro tailwinds and the commodity nature of matte black frames."
L2876/55/BLACK MATTE,55,black,matte,AMER,2024-05-01,4908.0,3291.0,59362,LA,LACOSTE OPTICAL,L2876,5515001,BLACK MATTE,1227.0,0.0,Optical,Lacoste,Premium,Lacoste_black_46057,45,30,67.0,25.0,4.44%,6.67%,18,70,18,48,41,57,Rectangle,Full Rim,Plastic,0,0,0,3090,"Matte black frames are a classic, stable aesthetic with consistent demand but limited viral potential. The low FSA search index (18) suggests weak healthcare-driven purchasing momentum, which typically boosts eyewear orders. The metal frames index (41) indicates moderate category interest, but matte black is positioned in the classic acetate/plastic segment rather than trending metal category. AMER region in May (post-tax season, pre-summer) shows moderate seasonality. The combination of low FSA signals, non-trending color/finish, and absence of macro tailwinds suggests the mathematical model may have over-indexed on baseline category trends. A conservative 6% downward adjustment reflects stable but non-accelerating demand."
L2876/55/BLACK MATTE,55,black,matte,AMER,2024-05-01,4908.0,3291.0,59363,LA,LACOSTE OPTICAL,L2876,5515001,BLACK MATTE,1227.0,0.0,Optical,Lacoste,Premium,Lacoste_black_46057,45,30,67.0,25.0,4.44%,6.67%,18,70,18,48,41,57,Rectangle,Full Rim,Plastic,0,0,0,3090,"Matte black frames are a classic, stable aesthetic with consistent demand but limited viral potential. The low FSA Glasses Index (18) suggests weak healthcare-driven purchasing momentum, which typically boosts eyewear demand. Metal Frames Index (41) indicates moderate interest in alternative materials, positioning matte black (likely acetate or plastic) as a secondary preference. AMER region in May (post-tax season, pre-summer) shows moderate seasonal tailwinds. The style geometry L2876/55 suggests a standard fit with broad appeal but no distinctive features to drive over-indexing. Conservative downward adjustment of -6% applied to account for: (1) low FSA momentum reducing bulk institutional/healthcare orders, (2) moderate metal frame competition, and (3) lack of viral/trend-driven characteristics in a matte black colorway. The frame is solid baseline inventory but unlikely to exceed mathematical expectations."
L2876/55/BLACK MATTE,55,black,matte,AMER,2024-05-01,4908.0,3291.0,59364,LA,LACOSTE OPTICAL,L2876,5515001,BLACK MATTE,1227.0,0.0,Optical,Lacoste,Premium,Lacoste_black_46057,45,30,67.0,25.0,4.44%,6.67%,18,70,18,48,41,57,Rectangle,Full Rim,Plastic,0,0,0,3090,"Black matte frames in AMER region show moderate demand signals. FSA Glasses Index (18) is low, suggesting minimal seasonal tax-advantaged purchasing tailwind. Metal Frames Index (41) indicates moderate interest in frame materials, but matte black is a classic neutral finish rather than a trending material innovation. The May 2024 launch timing avoids peak FSA season (Q1). While black matte is a perennial staple with stable demand, the combination of low FSA signals and absence of viral trend indicators suggests the mathematical model may have slightly over-predicted. A modest 6% downward adjustment accounts for the lack of macro-economic tailwinds and the commodity nature of black matte frames in a mature market."
L2876/55/BLACK MATTE,55,black,matte,AMER,2024-05-01,4908.0,3291.0,59365,LA,LACOSTE OPTICAL,L2876,5515001,BLACK MATTE,1227.0,0.0,Optical,Lacoste,Premium,Lacoste_black_46057,45,30,67.0,25.0,4.44%,6.67%,18,70,18,48,41,57,Rectangle,Full Rim,Plastic,0,0,0,3090,"Matte black frames are a classic, stable aesthetic with consistent demand but limited viral potential. The low FSA Glasses Search Index (18) suggests weak healthcare-driven purchasing momentum, which typically boosts eyewear orders. Metal Frames Index (41) is moderate but not exceptional, indicating the broader frame market is not in a surge phase. The AMER region in May (post-tax season, pre-summer) shows typical seasonal patterns without exceptional tailwinds. Matte black's timeless nature resists both viral upside and decay, but the weak FSA signal and moderate metal frame interest warrant a modest downward adjustment of -6% from baseline to account for the absence of demand accelerators that would justify mathematical over-prediction."
L2876/55/BLACK MATTE,55,black,matte,AMER,2024-05-01,4908.0,3291.0,59366,LA,LACOSTE OPTICAL,L2876,5515001,BLACK MATTE,1227.0,0.0,Optical,Lacoste,Premium,Lacoste_black_46057,45,30,67.0,25.0,4.44%,6.67%,18,70,18,48,41,57,Rectangle,Full Rim,Plastic,0,0,0,3090,"Matte black frames (L2876/55) represent a classic, non-trend-dependent style with stable demand. The low FSA Glasses Search Index (18) suggests minimal seasonal tax-advantaged purchasing momentum, which typically drives Q2 eyewear volume. Metal Frames Index (41) is moderate, indicating the category isn't experiencing viral uplift. AMER region in May (post-tax season) typically sees softer demand. The matte finish on black is a conservative aesthetic unlikely to capture emerging trend cycles. Applied a -6% downward adjustment to account for subdued macro signals and the frame's non-viral positioning, offsetting any model underestimation of decay trends."
L2876/55/BLACK MATTE,55,black,matte,AMER,2024-05-01,4908.0,3291.0,59367,LA,LACOSTE OPTICAL,L2876,5515001,BLACK MATTE,1227.0,0.0,Optical,Lacoste,Premium,Lacoste_black_46057,45,30,67.0,25.0,4.44%,6.67%,18,70,18,48,41,57,Rectangle,Full Rim,Plastic,0,0,0,3124,"Matte black frames are a classic, stable aesthetic with consistent demand but limited viral potential. The low FSA Glasses Search Index (18) indicates weak healthcare-driven purchasing momentum, which typically boosts frame demand. The moderate Metal Frames Index (41) suggests some category interest, but L2876 appears to be an acetate or mixed-material frame in matte finish, not primarily metal-positioned. AMER region in May (post-tax season, pre-summer) shows neutral seasonality. The combination of low FSA signals, stable but non-trending style geometry, and matte black's mature market positioning suggests the CatBoost model may have slightly over-predicted based on historical patterns. A modest 5% downward adjustment accounts for the absence of macro tailwinds and the frame's commodity-like positioning in the market."
L2876/55/BLACK MATTE,55,black,matte,AMER,2024-05-01,4908.0,3291.0,59368,LA,LACOSTE OPTICAL,L2876,5515001,BLACK MATTE,1227.0,0.0,Optical,Lacoste,Premium,Lacoste_black_46057,45,30,67.0,25.0,4.44%,6.67%,18,70,18,48,41,57,Rectangle,Full Rim,Plastic,0,0,0,3090,"Matte black frames are a classic, stable aesthetic with consistent demand but limited viral potential. The low FSA search index (18) suggests weak healthcare-driven purchasing momentum, which typically boosts eyewear orders. The metal frames index (41) indicates moderate category interest, but matte black is positioned in the classic acetate/plastic segment rather than trending metal category. AMER region in May (post-tax season, pre-summer) shows moderate seasonality. The combination of low FSA signals, non-trending color/finish, and absence of macro tailwinds suggests the mathematical model may have slightly over-predicted due to historical baseline bias. A conservative 6% downward adjustment accounts for the lack of demand acceleration factors while preserving the core forecast credibility."
L2876/55/BLACK MATTE,55,black,matte,AMER,2024-05-01,4908.0,3291.0,59369,LA,LACOSTE OPTICAL,L2876,5515001,BLACK MATTE,1227.0,0.0,Optical,Lacoste,Premium,Lacoste_black_46057,45,30,67.0,25.0,4.44%,6.67%,18,70,18,48,41,57,Rectangle,Full Rim,Plastic,0,0,0,3090,"Matte black frames are a classic, stable aesthetic with consistent demand but limited viral potential. The low FSA Glasses Index (18) suggests weak healthcare-driven purchasing momentum, which typically boosts frame demand. Metal Frames Index (41) indicates moderate interest in alternative materials, positioning matte black (likely acetate or mixed) as a secondary preference. AMER region in May (post-tax season, pre-summer) shows moderate seasonality. The style geometry L2876/55 appears to be a standard fit without distinctive features to drive trend acceleration. Qualitative adjustment: -6% downward from baseline to account for subdued macro tailwinds and absence of viral indicators, offsetting any model over-prediction in a decaying trend environment."
L2876/55/BLACK MATTE,55,black,matte,AMER,2024-05-01,4908.0,3291.0,59370,LA,LACOSTE OPTICAL,L2876,5515001,BLACK MATTE,1227.0,0.0,Optical,Lacoste,Premium,Lacoste_black_46057,45,30,67.0,25.0,4.44%,6.67%,18,70,18,48,41,57,Rectangle,Full Rim,Plastic,0,0,0,3090,"Matte black frames are a classic, stable aesthetic with consistent demand but limited viral potential. The low FSA search index (18) suggests weak healthcare-driven purchasing momentum, which typically boosts eyewear orders. The metal frames index (41) indicates moderate category interest, but this frame's matte finish positions it outside the metal trend cycle. AMER region in May (post-tax season, pre-summer) shows moderate seasonality. The combination of a non-trending color/finish, weak FSA signals, and absence of macro tailwinds suggests the mathematical model may have over-indexed on historical baseline performance. A 6% downward adjustment accounts for the lack of demand acceleration factors while preserving the core forecast credibility."
L2876/55/BLACK MATTE,55,black,matte,AMER,2024-05-01,4908.0,3291.0,59371,LA,LACOSTE OPTICAL,L2876,5515001,BLACK MATTE,1227.0,0.0,Optical,Lacoste,Premium,Lacoste_black_46057,45,30,67.0,25.0,4.44%,6.67%,18,70,18,48,41,57,Rectangle,Full Rim,Plastic,0,0,0,3156,"Matte black frames are a classic, stable aesthetic with consistent demand but limited viral potential. The low FSA Glasses Index (18) suggests reduced healthcare-driven purchasing momentum, which typically boosts eyewear demand. Metal Frames Index (41) indicates moderate interest in alternative materials, positioning matte black (non-metal) as a secondary preference. AMER region launch timing (May 2024) is neutral. The combination of low FSA tailwinds, moderate competitive pressure from metal trends, and matte black's mature market position suggests the CatBoost model slightly over-predicted demand. Applied a -4.1% downward adjustment to account for decaying trend dynamics in a saturated classic frame category."
L2876/55/BLACK MATTE,55,black,matte,AMER,2024-05-01,4908.0,3291.0,59372,LA,LACOSTE OPTICAL,L2876,5515001,BLACK MATTE,1227.0,0.0,Optical,Lacoste,Premium,Lacoste_black_46057,45,30,67.0,25.0,4.44%,6.67%,18,70,18,48,41,57,Rectangle,Full Rim,Plastic,0,0,0,3090,"Matte black frames are a classic, stable aesthetic with consistent demand but limited viral potential. The low FSA search index (18) suggests weak healthcare-driven purchasing momentum, which typically boosts eyewear orders. The metal frames index (41) indicates moderate competitive interest in alternative materials, potentially cannibalizing demand from non-metal matte finishes. AMER region in May (post-tax season, pre-summer) shows moderate seasonality. The combination of low FSA signals, matte finish saturation, and competitive material trends warrants a -6% downward adjustment from the mathematical baseline to account for the model's tendency to over-predict in stable, non-viral categories."
L2876/55/BLACK MATTE,55,black,matte,AMER,2024-05-01,4908.0,3291.0,59373,LA,LACOSTE OPTICAL,L2876,5515001,BLACK MATTE,1227.0,0.0,Optical,Lacoste,Premium,Lacoste_black_46057,45,30,67.0,25.0,4.44%,6.67%,18,70,18,48,41,57,Rectangle,Full Rim,Plastic,0,0,0,3090,"Matte black frames are a classic, stable aesthetic with consistent demand but limited viral potential. The low FSA Glasses Search Index (18) suggests weak healthcare-driven purchasing momentum, which typically boosts eyewear demand. Metal Frames Index (41) is moderate but this frame is non-metal, positioning it outside the current trend cycle. AMER region in May (post-tax season, pre-summer) shows typical seasonal softness. The style geometry and finish combination lacks differentiation to drive above-baseline adoption. Applied -6% downward adjustment to account for macro headwinds and the frame's commodity positioning relative to trending categories."
L2876/55/BLACK MATTE,55,black,matte,AMER,2024-05-01,4908.0,3291.0,59374,LA,LACOSTE OPTICAL,L2876,5515001,BLACK MATTE,1227.0,0.0,Optical,Lacoste,Premium,Lacoste_black_46057,45,30,67.0,25.0,4.44%,6.67%,18,70,18,48,41,57,Rectangle,Full Rim,Plastic,0,0,0,3124,"Matte black frames are a classic, stable aesthetic with consistent demand but limited viral potential. The low FSA search index (18) suggests weak seasonal tax-advantaged purchasing momentum, which typically drives Q2 eyewear volume. The metal frames index (41) indicates moderate category interest, but matte black is positioned in the classic acetate/plastic segment rather than trending metal category. AMER region in May faces post-spring seasonality decline. No emerging trend signals warrant upward adjustment. Applied -5% downward adjustment to account for macro headwinds and the non-viral nature of this conservative colorway, offsetting any model underestimation of decay in this specific segment."
L2876/55/BLACK MATTE,55,black,matte,AMER,2024-05-01,4908.0,3291.0,59375,LA,LACOSTE OPTICAL,L2876,5515001,BLACK MATTE,1227.0,0.0,Optical,Lacoste,Premium,Lacoste_black_46057,45,30,67.0,25.0,4.44%,6.67%,18,70,18,48,41,57,Rectangle,Full Rim,Plastic,0,0,0,3156,"Black matte frames in AMER region show moderate demand signals. Metal frames index (41) suggests some category strength, but FSA glasses index (18) is notably weak, indicating limited healthcare-driven purchasing momentum. Matte black is a classic, stable aesthetic with lower viral potential. May 2024 launch timing offers standard seasonality without exceptional tailwinds. The weak FSA signal (-29% vs. typical baseline) outweighs any matte finish appeal, warranting a conservative 4.1% downward adjustment from the mathematical baseline to account for subdued macro conditions and limited trend acceleration potential."
L2876/55/BLACK MATTE,55,black,matte,AMER,2024-05-01,4908.0,3291.0,59376,LA,LACOSTE OPTICAL,L2876,5515001,BLACK MATTE,1227.0,0.0,Optical,Lacoste,Premium,Lacoste_black_46057,45,30,67.0,25.0,4.44%,6.67%,18,70,18,48,41,57,Rectangle,Full Rim,Plastic,0,0,0,3156,"Black matte frames in AMER region show moderate demand signals. Metal frames index (41) is moderately elevated, but FSA glasses index (18) is notably low, suggesting limited healthcare-driven purchasing momentum. Matte black is a classic, stable aesthetic with consistent appeal but limited viral potential. The May 2024 launch timing offers no seasonal tailwinds. The combination of weak FSA signals and moderate metal frame interest suggests the mathematical model may slightly over-predict given the lack of macro-economic tailwinds. Applied a conservative -4.1% downward adjustment to account for the low FSA index and absence of trend acceleration signals."
L2876/55/BLACK MATTE,55,black,matte,AMER,2024-05-01,4908.0,3291.0,59377,LA,LACOSTE OPTICAL,L2876,5515001,BLACK MATTE,1227.0,0.0,Optical,Lacoste,Premium,Lacoste_black_46057,45,30,67.0,25.0,4.44%,6.67%,18,70,18,48,41,57,Rectangle,Full Rim,Plastic,0,0,0,3124,"Matte black frames are a classic, stable aesthetic with consistent demand but limited viral potential. The low FSA search index (18) suggests weak healthcare/insurance-driven purchasing momentum, which typically boosts frame demand. The moderate metal frames index (41) indicates some category interest, but L2876 appears to be an acetate or mixed material in matte blackâ€”not positioned as a metal trend play. AMER region in May (post-tax season, pre-summer) shows typical seasonal demand. The combination of low FSA tailwinds, non-trending material positioning, and stable (non-viral) colorway warrants a modest downward adjustment of -5% from baseline to account for the absence of macro-economic or trend catalysts that would drive above-linear demand."
L2876/55/BLACK MATTE,55,black,matte,AMER,2024-05-01,4908.0,3291.0,59360,LA,LACOSTE OPTICAL,L2876,5515001,BLACK MATTE,1227.0,0.0,Optical,Lacoste,Premium,Lacoste_black_46057,45,30,67.0,25.0,4.44%,6.67%,18,70,18,48,41,57,Rectangle,Full Rim,Plastic,0,0,0,3090,"Matte black frames are a classic, stable aesthetic with consistent demand but limited viral potential. The low FSA search index (18) suggests weak seasonal tax-advantaged purchasing momentum, which typically drives Q2 eyewear volume. Metal frames index (41) indicates moderate category interest, but this frame's matte finish positions it outside the trending metal aesthetic. AMER region in May faces post-tax season demand normalization. The style geometry (L2876/55) appears to be a standard fit with no distinctive features to drive over-indexing. Applied a -6% downward adjustment to account for the combination of weak FSA tailwinds, non-trending finish category, and typical Q2 demand decay post-spring purchasing cycles."
